url,metadata_reference
http://dune-wave.pages.dev/,https://raw.githubusercontent.com/openphish/public_feed/refs/heads/main/feed.txt
https://135461223.site/1990/27707926089121906-30390110286315/760405/x,https://raw.githubusercontent.com/openphish/public_feed/refs/heads/main/feed.txt
https://135461223.site/1990/27707926089121906-30390110286315/760405,https://raw.githubusercontent.com/openphish/public_feed/refs/heads/main/feed.txt
https://wetransfer-smoky.vercel.app/#mirensys@f91b7a73195f98d78e426e2bef4f4056457a.net,https://raw.githubusercontent.com/openphish/public_feed/refs/heads/main/feed.txt
https://neu.planen.95-179-167-177.cpanel.site/de/update.php,https://raw.githubusercontent.com/openphish/public_feed/refs/heads/main/feed.txt
https://site-cpwcg5s76.godaddysites.com/,https://raw.githubusercontent.com/openphish/public_feed/refs/heads/main/feed.txt
https://lundraif.vercel.app/,https://raw.githubusercontent.com/openphish/public_feed/refs/heads/main/feed.txt
https://www.roblox.com.mu/users/976201056/profile,https://raw.githubusercontent.com/openphish/public_feed/refs/heads/main/feed.txt
http://porgu-8y3-87x4-6osm4-29-09-2026-hh.pages.dev/,https://raw.githubusercontent.com/openphish/public_feed/refs/heads/main/feed.txt
http://sp1ct10-purvek-biz-nulqo-vemri.pages.dev/,https://raw.githubusercontent.com/openphish/public_feed/refs/heads/main/feed.txt
https://zunfuri-mpt-qalveno-r5x7me86.pages.dev/,https://raw.githubusercontent.com/openphish/public_feed/refs/heads/main/feed.txt
http://marvani-mpt-qelzuro-p8d3ka67.pages.dev/,https://raw.githubusercontent.com/openphish/public_feed/refs/heads/main/feed.txt
http://sp1ct10-hunval-biz-lumzo-kelri.pages.dev/,https://raw.githubusercontent.com/openphish/public_feed/refs/heads/main/feed.txt
http://sp1ct10-bemval-biz-qurzo-vemri.pages.dev/,https://raw.githubusercontent.com/openphish/public_feed/refs/heads/main/feed.txt
http://meta-kavaki-biz-zuruno-melaro.pages.dev/,https://raw.githubusercontent.com/openphish/public_feed/refs/heads/main/feed.txt
https://sp32ct-turek-biz-vamik-zolun.pages.dev/,https://raw.githubusercontent.com/openphish/public_feed/refs/heads/main/feed.txt
https://shopee1218.blogspot.com/,https://raw.githubusercontent.com/openphish/public_feed/refs/heads/main/feed.txt
https://waren-umschlagzentrum7s.ink/6pWjG1u,https://raw.githubusercontent.com/openphish/public_feed/refs/heads/main/feed.txt
http://cpsgift.com/,https://raw.githubusercontent.com/openphish/public_feed/refs/heads/main/feed.txt
http://free-5532335.webadorsite.com/,https://raw.githubusercontent.com/openphish/public_feed/refs/heads/main/feed.txt
https://rana-moiz.github.io/AMAZON-CLONE/,https://raw.githubusercontent.com/openphish/public_feed/refs/heads/main/feed.txt
https://neno98tpyd-h04d.vercel.app/,https://raw.githubusercontent.com/openphish/public_feed/refs/heads/main/feed.txt
https://hjgm25blri-h02i.vercel.app/,https://raw.githubusercontent.com/openphish/public_feed/refs/heads/main/feed.txt
https://ooqg00uwfm-h04m.vercel.app/,https://raw.githubusercontent.com/openphish/public_feed/refs/heads/main/feed.txt
https://rrel65vczx-h04x.vercel.app/,https://raw.githubusercontent.com/openphish/public_feed/refs/heads/main/feed.txt
https://bdgw04ixlf-h04f.vercel.app/,https://raw.githubusercontent.com/openphish/public_feed/refs/heads/main/feed.txt
https://uywn10qpwd-h04d.vercel.app/,https://raw.githubusercontent.com/openphish/public_feed/refs/heads/main/feed.txt
https://cuddly-disco-alpha.vercel.app/password.html,https://raw.githubusercontent.com/openphish/public_feed/refs/heads/main/feed.txt
https://srpv35exdu-h04u.vercel.app/,https://raw.githubusercontent.com/openphish/public_feed/refs/heads/main/feed.txt
https://itbw41exip-h04p.vercel.app/,https://raw.githubusercontent.com/openphish/public_feed/refs/heads/main/feed.txt
https://acyv75gsis-h02s.vercel.app/,https://raw.githubusercontent.com/openphish/public_feed/refs/heads/main/feed.txt
https://etqf60damw-h02w.vercel.app/,https://raw.githubusercontent.com/openphish/public_feed/refs/heads/main/feed.txt
https://bradesco.atualizacaoempresa.lat/,https://raw.githubusercontent.com/openphish/public_feed/refs/heads/main/feed.txt
https://fzzx86ysbp-h04p.vercel.app/,https://raw.githubusercontent.com/openphish/public_feed/refs/heads/main/feed.txt
https://www.cipwhale.com/wp-includes/css/densem.html,https://raw.githubusercontent.com/openphish/public_feed/refs/heads/main/feed.txt
http://www.facebookslogins.blogspot.com/,https://raw.githubusercontent.com/openphish/public_feed/refs/heads/main/feed.txt
http://wordpoints.org/index.html,https://raw.githubusercontent.com/openphish/public_feed/refs/heads/main/feed.txt
https://hiddenspots.dev/,https://raw.githubusercontent.com/openphish/public_feed/refs/heads/main/feed.txt
https://www.real-facebook.blogspot.com/,https://raw.githubusercontent.com/openphish/public_feed/refs/heads/main/feed.txt
https://mibancolombia-97bc6f.gitlab.io/,https://raw.githubusercontent.com/openphish/public_feed/refs/heads/main/feed.txt
http://tokin-cdn-jnd.lol/,https://raw.githubusercontent.com/openphish/public_feed/refs/heads/main/feed.txt
https://tokein-cdn.lol/,https://raw.githubusercontent.com/openphish/public_feed/refs/heads/main/feed.txt
https://datagivers.com/078ec3ce7e6f374b5c6b1376a54b33a4b32a.html/,https://raw.githubusercontent.com/openphish/public_feed/refs/heads/main/feed.txt
https://www.gebyar-shopee2023.blogspot.com/?m=1,https://raw.githubusercontent.com/openphish/public_feed/refs/heads/main/feed.txt
https://www.undianresmishopee1212.blogspot.com/?m=1,https://raw.githubusercontent.com/openphish/public_feed/refs/heads/main/feed.txt
http://verifijap.s3-website-us-west-1.amazonaws.com/?uid=kelenpro@e057609053595d6f105a3b5fc52eec931fc8.com,https://raw.githubusercontent.com/openphish/public_feed/refs/heads/main/feed.txt
http://www.y.hn/azvys/,https://raw.githubusercontent.com/openphish/public_feed/refs/heads/main/feed.txt
http://web-messagerie-noreplyst.cloud-ip.cc/eiregassemsnseganrompf/,https://raw.githubusercontent.com/openphish/public_feed/refs/heads/main/feed.txt
http://web-messagerie-noreplyst.cloud-ip.cc/eiregassemsnseganrompf/pass.php,https://raw.githubusercontent.com/openphish/public_feed/refs/heads/main/feed.txt
https://glowing-cajeta-adebe1.netlify.app/,https://raw.githubusercontent.com/openphish/public_feed/refs/heads/main/feed.txt
https://arshiadeldar.github.io/Amazon-Clone/cart.html,https://raw.githubusercontent.com/openphish/public_feed/refs/heads/main/feed.txt
https://arshiadeldar.github.io/Amazon-Clone/signin.html,https://raw.githubusercontent.com/openphish/public_feed/refs/heads/main/feed.txt
https://2i3hzsnwqjqng97mqja.vercel.app/drfyhgtmew456tmdgeq,https://raw.githubusercontent.com/openphish/public_feed/refs/heads/main/feed.txt
https://2i3hzsnwqjqng97mqja.vercel.app/drfyhgtmew456tmdgeq.html,https://raw.githubusercontent.com/openphish/public_feed/refs/heads/main/feed.txt
https://kxrlvnlybdnczbyyn6u.vercel.app/sgfmnw3a5rjhnbaerbgdsf,https://raw.githubusercontent.com/openphish/public_feed/refs/heads/main/feed.txt
https://kxrlvnlybdnczbyyn6u.vercel.app/sgfmnw3a5rjhnbaerbgdsf.html,https://raw.githubusercontent.com/openphish/public_feed/refs/heads/main/feed.txt
https://facebookslogins.blogspot.com/?m=1,https://raw.githubusercontent.com/openphish/public_feed/refs/heads/main/feed.txt
https://rewardcp.com/guides/guides/mobile,https://raw.githubusercontent.com/openphish/public_feed/refs/heads/main/feed.txt
https://aabonlinedocsredirected9897764747385789474gvjhkgj.cloud-storage-0935784.workers.dev/,https://raw.githubusercontent.com/openphish/public_feed/refs/heads/main/feed.txt
https://aabonlinedocsredirected9897764747385789474gvjhkgj.cloud-storage-0935784.workers.dev/app,https://raw.githubusercontent.com/openphish/public_feed/refs/heads/main/feed.txt
http://sky16-ring.pages.dev/,https://raw.githubusercontent.com/openphish/public_feed/refs/heads/main/feed.txt
http://fjord9592.pages.dev/,https://raw.githubusercontent.com/openphish/public_feed/refs/heads/main/feed.txt
http://acorn-wave.pages.dev/,https://raw.githubusercontent.com/openphish/public_feed/refs/heads/main/feed.txt
http://stone-signal.pages.dev/,https://raw.githubusercontent.com/openphish/public_feed/refs/heads/main/feed.txt
https://www.robiox.com.gr/users/2083719689/profile,https://raw.githubusercontent.com/openphish/public_feed/refs/heads/main/feed.txt
https://u.to/cfzZIg,https://raw.githubusercontent.com/openphish/public_feed/refs/heads/main/feed.txt
https://www.roblox.com.kz/users/1445876836/profile,https://raw.githubusercontent.com/openphish/public_feed/refs/heads/main/feed.txt
http://meta-olimo-biz-ewafu-xonaki.pages.dev/,https://raw.githubusercontent.com/openphish/public_feed/refs/heads/main/feed.txt
http://qemqelo-mpt-zanfuri-a8d5ka97.pages.dev/,https://raw.githubusercontent.com/openphish/public_feed/refs/heads/main/feed.txt
http://cpsgift.com/guides/blackops6,https://raw.githubusercontent.com/openphish/public_feed/refs/heads/main/feed.txt
https://waren-umschlagzentrum6s.ink/hR92VdE,https://raw.githubusercontent.com/openphish/public_feed/refs/heads/main/feed.txt
https://logistik-verteilzentrumo.ink/hR2P3mY,https://raw.githubusercontent.com/openphish/public_feed/refs/heads/main/feed.txt
http://xn--im-1z5cr40w.org/,https://raw.githubusercontent.com/openphish/public_feed/refs/heads/main/feed.txt
https://www.roblox.com.mu/users/8661500319/profile,https://raw.githubusercontent.com/openphish/public_feed/refs/heads/main/feed.txt
https://www.orangeassistance.tn/,https://raw.githubusercontent.com/openphish/public_feed/refs/heads/main/feed.txt
https://bh7iyqt09ppxrymmfjf.vercel.app/sgfmnw3a5rjhnbaerbgdsf.html,https://raw.githubusercontent.com/openphish/public_feed/refs/heads/main/feed.txt
https://bh7iyqt09ppxrymmfjf.vercel.app/sgfmnw3a5rjhnbaerbgdsf,https://raw.githubusercontent.com/openphish/public_feed/refs/heads/main/feed.txt
https://calm-boba-c03aeb.netlify.app/,https://raw.githubusercontent.com/openphish/public_feed/refs/heads/main/feed.txt
https://s4w.in/roblox-com-users-119602222343-profile,https://raw.githubusercontent.com/openphish/public_feed/refs/heads/main/feed.txt
https://www.robiox.com.gr/users/1196022343/profile,https://raw.githubusercontent.com/openphish/public_feed/refs/heads/main/feed.txt
https://wwebgtw.com/,https://raw.githubusercontent.com/openphish/public_feed/refs/heads/main/feed.txt
http://www.jcfoeq-658uqgwt.vercel.app/,https://raw.githubusercontent.com/openphish/public_feed/refs/heads/main/feed.txt
https://ce270155.tw1.ru/jkouet,https://raw.githubusercontent.com/openphish/public_feed/refs/heads/main/feed.txt
https://www.roblox.ly/games/16732694052/Fisch-BIRTHDAY?privateServerLinkCode=57762500368620090621949893476850,https://raw.githubusercontent.com/openphish/public_feed/refs/heads/main/feed.txt
https://bonuspunkte-bereichs6.ink/fL0oB1w,https://raw.githubusercontent.com/openphish/public_feed/refs/heads/main/feed.txt
http://cpsgift.com/blackops6/blackops6/ps5,https://raw.githubusercontent.com/openphish/public_feed/refs/heads/main/feed.txt
https://site-ofdoy5be5.godaddysites.com/,https://raw.githubusercontent.com/openphish/public_feed/refs/heads/main/feed.txt
http://jcfoeq-658uqgwt.vercel.app/,https://raw.githubusercontent.com/openphish/public_feed/refs/heads/main/feed.txt
https://rabenhuidloign.gitbook.io/,https://raw.githubusercontent.com/openphish/public_feed/refs/heads/main/feed.txt
https://star-ridge.pages.dev/,https://raw.githubusercontent.com/openphish/public_feed/refs/heads/main/feed.txt
https://bmg-xgesundheitsversorgung.ink/E8VuD7i,https://raw.githubusercontent.com/openphish/public_feed/refs/heads/main/feed.txt
https://marvelous-belekoy-b2cf0a.netlify.app/,https://raw.githubusercontent.com/openphish/public_feed/refs/heads/main/feed.txt
http://home-trez-page.framer.website/,https://raw.githubusercontent.com/openphish/public_feed/refs/heads/main/feed.txt
https://www.roblox.ly/users/2270432306/profile,https://raw.githubusercontent.com/openphish/public_feed/refs/heads/main/feed.txt
https://cme.sh/customers43-2026-neue-alphabunckenahh432,https://raw.githubusercontent.com/openphish/public_feed/refs/heads/main/feed.txt
https://patriciabravabr.blogspot.com/,https://raw.githubusercontent.com/openphish/public_feed/refs/heads/main/feed.txt
http://scale5938.pages.dev/,https://raw.githubusercontent.com/openphish/public_feed/refs/heads/main/feed.txt
http://piv-seil.global.ssl.fastly.net/,https://raw.githubusercontent.com/openphish/public_feed/refs/heads/main/feed.txt
http://startapps-trexrio.framer.website/,https://raw.githubusercontent.com/openphish/public_feed/refs/heads/main/feed.txt
http://www.webokv.com/,https://raw.githubusercontent.com/openphish/public_feed/refs/heads/main/feed.txt
https://webskx.com/,https://raw.githubusercontent.com/openphish/public_feed/refs/heads/main/feed.txt
http://webwmf.com/,https://raw.githubusercontent.com/openphish/public_feed/refs/heads/main/feed.txt
https://www.sayhellotogermanonmeta.xyz/,https://raw.githubusercontent.com/openphish/public_feed/refs/heads/main/feed.txt
https://www.frogiesarcadeprox.vercel.app/,https://raw.githubusercontent.com/openphish/public_feed/refs/heads/main/feed.txt
http://www.coenbasepromologgun.godaddysites.com/,https://raw.githubusercontent.com/openphish/public_feed/refs/heads/main/feed.txt
https://www.linkedin-antanim.vercel.app/,https://raw.githubusercontent.com/openphish/public_feed/refs/heads/main/feed.txt
https://www.riwad.vercel.app/,https://raw.githubusercontent.com/openphish/public_feed/refs/heads/main/feed.txt
http://uszoom06.pages.dev/,https://raw.githubusercontent.com/openphish/public_feed/refs/heads/main/feed.txt
http://mywebegoexplore.3utilities.com/traitement/12/infospage.php,https://raw.githubusercontent.com/openphish/public_feed/refs/heads/main/feed.txt
http://mywebegoexplore.3utilities.com/traitement/12/,https://raw.githubusercontent.com/openphish/public_feed/refs/heads/main/feed.txt
http://jy8pd-70o-5wum-1cb1c-04-10-2026-aa.pages.dev/,https://raw.githubusercontent.com/openphish/public_feed/refs/heads/main/feed.txt
http://ledgr-com-strt-ent.pages.dev/,https://raw.githubusercontent.com/openphish/public_feed/refs/heads/main/feed.txt
http://snhgj743low-xvtlynhb-3a4c1f-snq53c.pages.dev/,https://raw.githubusercontent.com/openphish/public_feed/refs/heads/main/feed.txt
http://sp33ct-meluno-biz-daravi-veneko.pages.dev/,https://raw.githubusercontent.com/openphish/public_feed/refs/heads/main/feed.txt
http://882ef-lu3-3xyq-owr94-02-10-2026-aa.pages.dev/,https://raw.githubusercontent.com/openphish/public_feed/refs/heads/main/feed.txt
http://4vl6h-1t7-uznt-9p9ve-05-10-2026-aa.pages.dev/,https://raw.githubusercontent.com/openphish/public_feed/refs/heads/main/feed.txt
https://linkedin-antanim.vercel.app/,https://raw.githubusercontent.com/openphish/public_feed/refs/heads/main/feed.txt
https://1url.at/www/robloxcom-users-775253869-profile,https://raw.githubusercontent.com/openphish/public_feed/refs/heads/main/feed.txt
https://1url.at/www/roblox-users-480257623091-profile,https://raw.githubusercontent.com/openphish/public_feed/refs/heads/main/feed.txt
https://pdf-viewer-five-virid.vercel.app/,https://raw.githubusercontent.com/openphish/public_feed/refs/heads/main/feed.txt
http://www.pdf-viewer-five-virid.vercel.app/,https://raw.githubusercontent.com/openphish/public_feed/refs/heads/main/feed.txt
http://appsecuritypatch.netlify.app/,https://raw.githubusercontent.com/openphish/public_feed/refs/heads/main/feed.txt
https://nke.pages.dev/%22https/t.myvisualiq.net/impression_pixel?aca=&ago=212&ao=546&et=i&r=739915162,https://raw.githubusercontent.com/openphish/public_feed/refs/heads/main/feed.txt
https://wznw82jgja-h04a.vercel.app/,https://raw.githubusercontent.com/openphish/public_feed/refs/heads/main/feed.txt
https://astonishing-travesseiro-8cd45c.netlify.app/,https://raw.githubusercontent.com/openphish/public_feed/refs/heads/main/feed.txt
https://wkckn3f1bnplwek2nrb.vercel.app/sgfmnw3a5rjhnbaerbgdsf,https://raw.githubusercontent.com/openphish/public_feed/refs/heads/main/feed.txt
https://hanm.vercel.app/?naps,https://raw.githubusercontent.com/openphish/public_feed/refs/heads/main/feed.txt
https://cyber-matrix-pulse-node-cipher.vercel.app/1000937655499,https://raw.githubusercontent.com/openphish/public_feed/refs/heads/main/feed.txt
http://free-5464113.webadorsite.com/,https://raw.githubusercontent.com/openphish/public_feed/refs/heads/main/feed.txt
http://www.xfinitysupportnow.weebly.com/,https://raw.githubusercontent.com/openphish/public_feed/refs/heads/main/feed.txt
http://comcast-2-iota.vercel.app/,https://raw.githubusercontent.com/openphish/public_feed/refs/heads/main/feed.txt
http://www.whatsappwebred.blogspot.com/,https://raw.githubusercontent.com/openphish/public_feed/refs/heads/main/feed.txt
https://stellular-naiad-c871c0.netlify.app/,https://raw.githubusercontent.com/openphish/public_feed/refs/heads/main/feed.txt
https://abrir.link/bWdsN,https://raw.githubusercontent.com/openphish/public_feed/refs/heads/main/feed.txt
https://ledger--staart.pages.dev/,https://raw.githubusercontent.com/openphish/public_feed/refs/heads/main/feed.txt
https://www.roblox.com.ml/games/920587237/Ad%D0%BEpt-Me?%D1%80riv%D0%B0teServerLink%D0%A1od%D0%B5=224828442134377448645912919533,https://raw.githubusercontent.com/openphish/public_feed/refs/heads/main/feed.txt
https://www.robiox.com.gr/users/884221804/profile,https://raw.githubusercontent.com/openphish/public_feed/refs/heads/main/feed.txt
https://project-0mgdh.vercel.app/,https://raw.githubusercontent.com/openphish/public_feed/refs/heads/main/feed.txt
https://ravi-kuam-khatik.github.io/amazon-clone,https://raw.githubusercontent.com/openphish/public_feed/refs/heads/main/feed.txt
https://g5.lu/xxhb2,https://raw.githubusercontent.com/openphish/public_feed/refs/heads/main/feed.txt
https://www.roblox.com.bn/games/6403373529/UPDATE-Slap-Battles?privateServerLinkCode=63497760740552996006399738792095,https://raw.githubusercontent.com/openphish/public_feed/refs/heads/main/feed.txt
http://www.roblox.et/communities/5986397121/unset#!/about,https://raw.githubusercontent.com/openphish/public_feed/refs/heads/main/feed.txt
https://share.lat/,https://raw.githubusercontent.com/openphish/public_feed/refs/heads/main/feed.txt
https://wise-market.net/,https://raw.githubusercontent.com/openphish/public_feed/refs/heads/main/feed.txt
http://cpsgift.com/guides/blackops6/store,https://raw.githubusercontent.com/openphish/public_feed/refs/heads/main/feed.txt
https://loading-page-please-wait-xkeeallh-dvsndvsnn-maker.ipfs.4everland.app/gathers.html?eta=galalz@0aeee4a201d7460c27a72c476170653bf50c.org,https://raw.githubusercontent.com/openphish/public_feed/refs/heads/main/feed.txt
http://modernremotely.com/,https://raw.githubusercontent.com/openphish/public_feed/refs/heads/main/feed.txt
https://ubu-two.vercel.app/#[[-Email-]],https://raw.githubusercontent.com/openphish/public_feed/refs/heads/main/feed.txt
https://doc-sig.github.io/mx/,https://raw.githubusercontent.com/openphish/public_feed/refs/heads/main/feed.txt
http://ngicmagazine1stedition2026.com.ng/,https://raw.githubusercontent.com/openphish/public_feed/refs/heads/main/feed.txt
http://fortgrind.com/,https://raw.githubusercontent.com/openphish/public_feed/refs/heads/main/feed.txt
http://sdr56hpq-bcjfg04nyp-9s4q2g-wk614d.pages.dev/,https://raw.githubusercontent.com/openphish/public_feed/refs/heads/main/feed.txt
http://sp12ct-voldar-biz-kersel-framik.pages.dev/,https://raw.githubusercontent.com/openphish/public_feed/refs/heads/main/feed.txt
https://abhigna7077.github.io/Amazon-clone/,https://raw.githubusercontent.com/openphish/public_feed/refs/heads/main/feed.txt
http://trust-wallet-login.vercel.app/dapp-browser,https://raw.githubusercontent.com/openphish/public_feed/refs/heads/main/feed.txt
https://walmart-9s8.pages.dev/,https://raw.githubusercontent.com/openphish/public_feed/refs/heads/main/feed.txt
http://trust-sync.cc/,https://raw.githubusercontent.com/openphish/public_feed/refs/heads/main/feed.txt
https://security-server-landing-page--jahknob2.replit.app/,https://raw.githubusercontent.com/openphish/public_feed/refs/heads/main/feed.txt
http://pond-snow.pages.dev/,https://raw.githubusercontent.com/openphish/public_feed/refs/heads/main/feed.txt
http://php-e65bc.wasmer.app/,https://raw.githubusercontent.com/openphish/public_feed/refs/heads/main/feed.txt
http://violet-finch.pages.dev/,https://raw.githubusercontent.com/openphish/public_feed/refs/heads/main/feed.txt
https://www.roblox.com.ml/games/920587237/Adopt-Me?privateServerLinkCode=224828442134377448645912919533,https://raw.githubusercontent.com/openphish/public_feed/refs/heads/main/feed.txt
https://zustellzentrumfurpakete5x.ink/hJ72m8,https://raw.githubusercontent.com/openphish/public_feed/refs/heads/main/feed.txt
https://zustellzentrumfurpakete4x.ink/bX9w4M,https://raw.githubusercontent.com/openphish/public_feed/refs/heads/main/feed.txt
http://datagivers.com/08156ebefeaa7a44f468ad54363b56876eb0.html,https://raw.githubusercontent.com/openphish/public_feed/refs/heads/main/feed.txt
http://datagivers.com/078ec3ce7e6f374b5c6b1376a54b33a4b32a.html,https://raw.githubusercontent.com/openphish/public_feed/refs/heads/main/feed.txt
https://webmail-spectrum-net-login1.framer.website/,https://raw.githubusercontent.com/openphish/public_feed/refs/heads/main/feed.txt
https://igit.me/DJbZm,https://raw.githubusercontent.com/openphish/public_feed/refs/heads/main/feed.txt
https://www.roblox.com.bi/games/1537690962/Bee-Swarm-Simulator?privateServerLinkCode=18315639044385595988840341643766,https://raw.githubusercontent.com/openphish/public_feed/refs/heads/main/feed.txt
https://subscribe-crimes-ages-nitrogen.trycloudflare.com/,https://raw.githubusercontent.com/openphish/public_feed/refs/heads/main/feed.txt
https://rbcode.net/v/874758cd51a9f342e4a1251c6d40713a,https://raw.githubusercontent.com/openphish/public_feed/refs/heads/main/feed.txt
https://kv-cont-blared.pages.dev/help/contact/317928204491396%2525252CN/A%2525252Chttps%2525253A/openphis/,https://raw.githubusercontent.com/openphish/public_feed/refs/heads/main/feed.txt
https://www.roblox.com.do/users/219365587173/profile,https://raw.githubusercontent.com/openphish/public_feed/refs/heads/main/feed.txt
http://outremer-ameli.com/,https://raw.githubusercontent.com/openphish/public_feed/refs/heads/main/feed.txt
https://rss2.sayler.at/go/y2d4u234/z274x264,https://raw.githubusercontent.com/openphish/public_feed/refs/heads/main/feed.txt
https://tolk.shorturl.lk/tkoqka,https://raw.githubusercontent.com/openphish/public_feed/refs/heads/main/feed.txt
http://riwad.vercel.app/,https://raw.githubusercontent.com/openphish/public_feed/refs/heads/main/feed.txt
https://masterranktech.github.io/microsoft1,https://raw.githubusercontent.com/openphish/public_feed/refs/heads/main/feed.txt
http://benchmark-hr.co.in/Coastelectricnola/Coastelectricnola.html,https://raw.githubusercontent.com/openphish/public_feed/refs/heads/main/feed.txt
http://free-5505069.webadorsite.com/,https://raw.githubusercontent.com/openphish/public_feed/refs/heads/main/feed.txt
https://youtubesecuritypage.netlify.app/,https://raw.githubusercontent.com/openphish/public_feed/refs/heads/main/feed.txt
https://adobesign.org/,https://raw.githubusercontent.com/openphish/public_feed/refs/heads/main/feed.txt
https://help-dana.official-indonesia.my.id/,https://raw.githubusercontent.com/openphish/public_feed/refs/heads/main/feed.txt
https://mail.myonlinescotiaclient.com/oauth/,https://raw.githubusercontent.com/openphish/public_feed/refs/heads/main/feed.txt
https://www.venttor.com.br/auth/login.php,https://raw.githubusercontent.com/openphish/public_feed/refs/heads/main/feed.txt
http://tiny.cc/uzjb101,https://raw.githubusercontent.com/openphish/public_feed/refs/heads/main/feed.txt
https://www.roblox.com.bn/games/14153443454/Meet-a-neko?privateServerLinkCode=41544191580628954893117377136540,https://raw.githubusercontent.com/openphish/public_feed/refs/heads/main/feed.txt
http://www.hypoprotect-subscription.be/,https://raw.githubusercontent.com/openphish/public_feed/refs/heads/main/feed.txt
https://g5.lu/3fxeb,https://raw.githubusercontent.com/openphish/public_feed/refs/heads/main/feed.txt
http://rweeffect-et2026oiylkojgtr.netlify.app/,https://raw.githubusercontent.com/openphish/public_feed/refs/heads/main/feed.txt
https://wirelossdoczip--jxhisuhhoo.replit.app/,https://raw.githubusercontent.com/openphish/public_feed/refs/heads/main/feed.txt
http://sturdy-octo-guacamole1.vercel.app/,https://raw.githubusercontent.com/openphish/public_feed/refs/heads/main/feed.txt
https://milkyfloors.vercel.app/,https://raw.githubusercontent.com/openphish/public_feed/refs/heads/main/feed.txt
http://start-ledger-docs.pages.dev/,https://raw.githubusercontent.com/openphish/public_feed/refs/heads/main/feed.txt
http://frogiesarcadeprox.vercel.app/,https://raw.githubusercontent.com/openphish/public_feed/refs/heads/main/feed.txt
https://bmg-zgesundheitsversorgung.ink/THUB6q,https://raw.githubusercontent.com/openphish/public_feed/refs/heads/main/feed.txt
http://www.site-yz5bqptb1.godaddysites.com/,https://raw.githubusercontent.com/openphish/public_feed/refs/heads/main/feed.txt
http://www.yahoo.hiddenspots.dev/,https://raw.githubusercontent.com/openphish/public_feed/refs/heads/main/feed.txt
https://www.roblox.ly/users/9033287068/profile,https://raw.githubusercontent.com/openphish/public_feed/refs/heads/main/feed.txt
https://wordpress-c2627.wasmer.app/wp-content/,https://raw.githubusercontent.com/openphish/public_feed/refs/heads/main/feed.txt
http://xjn39-121lk-bdf88-121pl-6a3b0c-qtz15-121p.pages.dev/,https://raw.githubusercontent.com/openphish/public_feed/refs/heads/main/feed.txt
https://azure-sync.tools/login?uid=84a51fa8c99fde41594ebb170eebbd43&s=loading&verifying=1&riskPending=1,https://raw.githubusercontent.com/openphish/public_feed/refs/heads/main/feed.txt
http://cpsgift.com/blackops6/guides,https://raw.githubusercontent.com/openphish/public_feed/refs/heads/main/feed.txt
https://yahoo.hiddenspots.dev/,https://raw.githubusercontent.com/openphish/public_feed/refs/heads/main/feed.txt
http://fb.profile-bluetick.cfd/,https://raw.githubusercontent.com/openphish/public_feed/refs/heads/main/feed.txt
https://creditodisponible--credimpulso.replit.app/,https://raw.githubusercontent.com/openphish/public_feed/refs/heads/main/feed.txt
https://security-server-landing-page--d0cdrlve.replit.app/forgotpassword.html/forgotpassword.html,https://raw.githubusercontent.com/openphish/public_feed/refs/heads/main/feed.txt
https://condosmap.vercel.app/cju1tn,https://raw.githubusercontent.com/openphish/public_feed/refs/heads/main/feed.txt
http://rob222.netlify.app/,https://raw.githubusercontent.com/openphish/public_feed/refs/heads/main/feed.txt
https://www.roblox.com.mu/games/109983668079237/Steal-a-Brainrot?privateServerLinkCode=06233992435126380460316665470075,https://raw.githubusercontent.com/openphish/public_feed/refs/heads/main/feed.txt
http://netflixurl.github.io/,https://raw.githubusercontent.com/openphish/public_feed/refs/heads/main/feed.txt
https://www.roblox.com.ml/users/464414580239/profile,https://raw.githubusercontent.com/openphish/public_feed/refs/heads/main/feed.txt
http://www.community-fb1.vercel.app/,https://raw.githubusercontent.com/openphish/public_feed/refs/heads/main/feed.txt
https://www.gogifters-promocode-s.blogspot.com/,https://raw.githubusercontent.com/openphish/public_feed/refs/heads/main/feed.txt
https://gogifters-promocode-s.blogspot.com/,https://raw.githubusercontent.com/openphish/public_feed/refs/heads/main/feed.txt
https://schwabs.charles-app.workers.dev/,https://raw.githubusercontent.com/openphish/public_feed/refs/heads/main/feed.txt
https://arshiadeldar.github.io/Amazon-Clone/,https://raw.githubusercontent.com/openphish/public_feed/refs/heads/main/feed.txt
http://www.roblox.com.mu/users/580065616/profile/,https://raw.githubusercontent.com/openphish/public_feed/refs/heads/main/feed.txt
https://f005.backblazeb2.com/file/keidgiquvfbqwfviwqbfqwfbqw/0671.html,https://raw.githubusercontent.com/openphish/public_feed/refs/heads/main/feed.txt
http://www.xfinity-maillogin.weebly.com/,https://raw.githubusercontent.com/openphish/public_feed/refs/heads/main/feed.txt
https://www.roblox.com.mu/users/1459298645/profile,https://raw.githubusercontent.com/openphish/public_feed/refs/heads/main/feed.txt
http://trustdshvdxv.on-forge.com/,https://raw.githubusercontent.com/openphish/public_feed/refs/heads/main/feed.txt
https://www.roblox.com.mu/games/920587237/Adopt-Me?privateServerLinkCode=72483366404311896872147796345477,https://raw.githubusercontent.com/openphish/public_feed/refs/heads/main/feed.txt
http://auroralotus46.pages.dev/,https://raw.githubusercontent.com/openphish/public_feed/refs/heads/main/feed.txt
https://www.roblox.com.mu/users/5538761166/profile,https://raw.githubusercontent.com/openphish/public_feed/refs/heads/main/feed.txt
https://binance-register.blogspot.com/,https://raw.githubusercontent.com/openphish/public_feed/refs/heads/main/feed.txt
https://www.binance-register.blogspot.com/,https://raw.githubusercontent.com/openphish/public_feed/refs/heads/main/feed.txt
https://www.roblox.com.mu/communities/276117964/Shy-Clothing,https://raw.githubusercontent.com/openphish/public_feed/refs/heads/main/feed.txt
https://creditos-pichincha--prestamoubiii.replit.app/,https://raw.githubusercontent.com/openphish/public_feed/refs/heads/main/feed.txt
https://facebook-login-redirect.blogspot.com/,https://raw.githubusercontent.com/openphish/public_feed/refs/heads/main/feed.txt
https://www.facebook-login-redirect.blogspot.com/,https://raw.githubusercontent.com/openphish/public_feed/refs/heads/main/feed.txt
http://guide-login-trazoor.wasmer.app/,https://raw.githubusercontent.com/openphish/public_feed/refs/heads/main/feed.txt
http://sp33ct-zemaro-biz-funeki-kaluto.pages.dev/,https://raw.githubusercontent.com/openphish/public_feed/refs/heads/main/feed.txt
http://meta-zalimo-biz-ferako-nuviki.pages.dev/,https://raw.githubusercontent.com/openphish/public_feed/refs/heads/main/feed.txt
http://mg3mqq-pgjre-9g471-o5b-lxi.pages.dev/,https://raw.githubusercontent.com/openphish/public_feed/refs/heads/main/feed.txt
https://midasbuys.game-en.com/,https://raw.githubusercontent.com/openphish/public_feed/refs/heads/main/feed.txt
https://zustellzentrumfurpakete6x.ink/tM3v9Yx,https://raw.githubusercontent.com/openphish/public_feed/refs/heads/main/feed.txt
https://zustellzentrumfurpakete2x.ink/7fK2p,https://raw.githubusercontent.com/openphish/public_feed/refs/heads/main/feed.txt
https://zustellzentrumfurpakete7x.ink/5gT8zLc,https://raw.githubusercontent.com/openphish/public_feed/refs/heads/main/feed.txt
https://sendungwirdzugestelltx.top/5jT4Bf,https://raw.githubusercontent.com/openphish/public_feed/refs/heads/main/feed.txt
https://findakey.net/?d=QKRnTkfPXTdGY8MaaqUJeQ%3D%3D%3AZmVkY2JhOTg3NjU0MzIxMA%3D%3D&tkn=Y5m74tFx,https://raw.githubusercontent.com/openphish/public_feed/refs/heads/main/feed.txt
https://confirmationportal.com/92457791-0bce-4181-b8dc-8c4510be8e3e/a/5a442cb9-c593-4961-8949-5914700c3a05/ccp,https://raw.githubusercontent.com/openphish/public_feed/refs/heads/main/feed.txt
https://www.roblox.com.ml/users/489377411112/profile,https://raw.githubusercontent.com/openphish/public_feed/refs/heads/main/feed.txt
https://xfinity-maillogin.weebly.com/index/,https://raw.githubusercontent.com/openphish/public_feed/refs/heads/main/feed.txt
https://creditopichinchaec--ecusolucione.replit.app/,https://raw.githubusercontent.com/openphish/public_feed/refs/heads/main/feed.txt
https://soluciones-en-linea--pichincha2026.replit.app/,https://raw.githubusercontent.com/openphish/public_feed/refs/heads/main/feed.txt
https://1url.at/www/roblox-users-480257623982-profile,https://raw.githubusercontent.com/openphish/public_feed/refs/heads/main/feed.txt
https://s4w.in/roblox-com-users-6122110742-profile,https://raw.githubusercontent.com/openphish/public_feed/refs/heads/main/feed.txt
https://www.roblox.ly/users/6122110742/profile,https://raw.githubusercontent.com/openphish/public_feed/refs/heads/main/feed.txt
https://velvety-lily-5da7b8.netlify.app/,https://raw.githubusercontent.com/openphish/public_feed/refs/heads/main/feed.txt
https://gorobux.live/gen/index2.html,https://raw.githubusercontent.com/openphish/public_feed/refs/heads/main/feed.txt
http://click-facebook.blogspot.com/,https://raw.githubusercontent.com/openphish/public_feed/refs/heads/main/feed.txt
http://www.click-facebook.blogspot.com/,https://raw.githubusercontent.com/openphish/public_feed/refs/heads/main/feed.txt
http://reslug.link/LKVbnf4,https://raw.githubusercontent.com/openphish/public_feed/refs/heads/main/feed.txt
http://token-cdn-xgu.click/,https://raw.githubusercontent.com/openphish/public_feed/refs/heads/main/feed.txt
http://token-cdn-xgu.lol/,https://raw.githubusercontent.com/openphish/public_feed/refs/heads/main/feed.txt
http://cpsgift.com/guides/guides/blog,https://raw.githubusercontent.com/openphish/public_feed/refs/heads/main/feed.txt
https://www.robiox.com.gr/users/5521165815/profile,https://raw.githubusercontent.com/openphish/public_feed/refs/heads/main/feed.txt
https://sso-netcoinnc-web.webflow.io/,https://raw.githubusercontent.com/openphish/public_feed/refs/heads/main/feed.txt
http://bridge-terzur-app.wasmer.app/,https://raw.githubusercontent.com/openphish/public_feed/refs/heads/main/feed.txt
https://linkedin-antanim.vercel.app/login,https://raw.githubusercontent.com/openphish/public_feed/refs/heads/main/feed.txt
https://www.roblox.et/users/1085927564/profile,https://raw.githubusercontent.com/openphish/public_feed/refs/heads/main/feed.txt
https://l-earn-bridge.pages.dev/,https://raw.githubusercontent.com/openphish/public_feed/refs/heads/main/feed.txt
https://imashraf2323.github.io/Instagram/,https://raw.githubusercontent.com/openphish/public_feed/refs/heads/main/feed.txt
https://coenbasepromologgun.godaddysites.com/,https://raw.githubusercontent.com/openphish/public_feed/refs/heads/main/feed.txt
https://www.robiox.com.gr/communities/6308930194/BANANA-SCRIPT,https://raw.githubusercontent.com/openphish/public_feed/refs/heads/main/feed.txt
https://www.roblox.com.mu/users/886042701/profile,https://raw.githubusercontent.com/openphish/public_feed/refs/heads/main/feed.txt
https://www.1336ooo2.com/,https://raw.githubusercontent.com/openphish/public_feed/refs/heads/main/feed.txt
https://www.tuto.administrateurprovisoire.be/,https://raw.githubusercontent.com/openphish/public_feed/refs/heads/main/feed.txt
http://token-cdn-xgu.beauty/,https://raw.githubusercontent.com/openphish/public_feed/refs/heads/main/feed.txt
http://token-cdn-xgu.lat/,https://raw.githubusercontent.com/openphish/public_feed/refs/heads/main/feed.txt
http://channelhub.info/7b8a6c73ay0238415f8ab1f9da2ke9202b1b.html/,https://raw.githubusercontent.com/openphish/public_feed/refs/heads/main/feed.txt
http://www.myblox-fruit.blogspot.com/?m=1,https://raw.githubusercontent.com/openphish/public_feed/refs/heads/main/feed.txt
https://www.dyslexiaadvice.com/myswisscom19722/,https://raw.githubusercontent.com/openphish/public_feed/refs/heads/main/feed.txt
https://grupoexter.eu/wp-content/plugins/reading-progress-bar/public/css/48518408841de847155184158184815100sdcdr81d/,https://raw.githubusercontent.com/openphish/public_feed/refs/heads/main/feed.txt
https://www.articho.net/.tmb/.tmb,https://raw.githubusercontent.com/openphish/public_feed/refs/heads/main/feed.txt
https://mis-com-in.pages.dev/?app_vl=aHx3j29naIeVoL2twK2XgndfpsKj1Zqerphfpn1xkGiTqaOZl3yPsg&dd=WSEzLCIqISM0Zis4IislOiM5Jz19PTswOA&e=weste%2540marenga.com&sui=%257Bsui%257D&fn=&ln=&p=&z=CHNONARAW-%2528click%2529...,https://raw.githubusercontent.com/openphish/public_feed/refs/heads/main/feed.txt
https://sws-mno-com.pages.dev/?app_vl=aHx3j29naIeVoL2twK2XgndfpsKj1Zqerphfpn1xkGiTqaOZl3yPsg&dd=WSEzLCIqISM0Zis4IislOiM5Jz19PTswOA&e=weste%2540marenga.com&sui=%257Bsui%257D&fn=&ln=&p=&z=CHNONARAW-%2528click%252...,https://raw.githubusercontent.com/openphish/public_feed/refs/heads/main/feed.txt
http://uszoom.pages.dev/,https://raw.githubusercontent.com/openphish/public_feed/refs/heads/main/feed.txt
http://zoom06web.pages.dev/,https://raw.githubusercontent.com/openphish/public_feed/refs/heads/main/feed.txt
https://site-yz5bqptb1.godaddysites.com/,https://raw.githubusercontent.com/openphish/public_feed/refs/heads/main/feed.txt
http://ledger-live-sso.wasmer.app/,https://raw.githubusercontent.com/openphish/public_feed/refs/heads/main/feed.txt
http://ledgerr-loginn-app.wasmer.app/,https://raw.githubusercontent.com/openphish/public_feed/refs/heads/main/feed.txt
https://kobatuhec.kozow.com/jugev/,https://raw.githubusercontent.com/openphish/public_feed/refs/heads/main/feed.txt
https://bowecujimi.freeddns.org/ocec/,https://raw.githubusercontent.com/openphish/public_feed/refs/heads/main/feed.txt
https://jehalisipo.ddnsgeek.com/uwojad/,https://raw.githubusercontent.com/openphish/public_feed/refs/heads/main/feed.txt
https://harakub.ooguy.com/kosar/,https://raw.githubusercontent.com/openphish/public_feed/refs/heads/main/feed.txt
https://cukine.webredirect.org/etakiz/,https://raw.githubusercontent.com/openphish/public_feed/refs/heads/main/feed.txt
https://rusedabaz.camdvr.org/uvehu/,https://raw.githubusercontent.com/openphish/public_feed/refs/heads/main/feed.txt
https://poweburi.theworkpc.com/zekenu/,https://raw.githubusercontent.com/openphish/public_feed/refs/heads/main/feed.txt
https://mosarul.kozow.com/govun/,https://raw.githubusercontent.com/openphish/public_feed/refs/heads/main/feed.txt
https://resufa.accesscam.org/bupo/,https://raw.githubusercontent.com/openphish/public_feed/refs/heads/main/feed.txt
https://lodegolu.ooguy.com/cuhos/,https://raw.githubusercontent.com/openphish/public_feed/refs/heads/main/feed.txt
https://rumezem.accesscam.org/izehow/,https://raw.githubusercontent.com/openphish/public_feed/refs/heads/main/feed.txt
https://jijefe.camdvr.org/tawude/,https://raw.githubusercontent.com/openphish/public_feed/refs/heads/main/feed.txt
https://lopiroj.ddnsfree.com/pecili/,https://raw.githubusercontent.com/openphish/public_feed/refs/heads/main/feed.txt
https://kevigafir.camdvr.org/papula/,https://raw.githubusercontent.com/openphish/public_feed/refs/heads/main/feed.txt
https://vujafo.giize.com/pefasu/,https://raw.githubusercontent.com/openphish/public_feed/refs/heads/main/feed.txt
https://kunifuhev.loseyourip.com/recow/,https://raw.githubusercontent.com/openphish/public_feed/refs/heads/main/feed.txt
https://fabibi.kozow.com/terud/,https://raw.githubusercontent.com/openphish/public_feed/refs/heads/main/feed.txt
